timestamp,open,high,low,close,volume
2020-01-01,100.0,105.6142,97.9272,103.4694,238082.0
2020-01-02,103.4694,104.1011,101.7498,102.3748,565815.0
2020-01-03,102.3748,103.9285,97.2114,98.7095,360424.0
2020-01-06,98.7095,100.1352,95.927,97.3328,332012.0
2020-01-07,97.3328,101.5801,96.141,100.3514,857436.0
2020-01-08,100.3514,100.992,100.2209,100.8609,526840.0
2020-01-09,100.8609,101.2242,100.0078,100.3694,642186.0
2020-01-10,100.3694,102.9369,98.1511,100.7111,549368.0
2020-01-13,100.7111,104.2379,97.762,101.2724,139582.0
2020-01-14,101.2724,104.7536,99.6342,103.0861,919021.0
2020-01-15,103.0861,104.51,101.8735,103.295,375279.0
2020-01-16,103.295,107.0573,101.9972,105.7289,175342.0
2020-01-17,105.7289,106.4645,104.0233,104.7521,485019.0
2020-01-20,104.7521,105.6363,103.7802,104.6637,556545.0
2020-01-21,104.6637,104.7296,103.5946,103.6599,680084.0
2020-01-22,103.6599,103.8477,103.5996,103.7873,404822.0
2020-01-23,103.7873,108.6564,102.8087,107.6415,442911.0
2020-01-24,107.6415,108.3608,103.8069,104.5053,363148.0
2020-01-27,104.5053,104.9782,101.2443,101.7045,275458.0
2020-01-28,101.7045,106.2966,95.9604,100.498,450887.0
2020-01-29,100.498,105.5476,97.5423,102.532,972635.0
2020-01-30,102.532,104.4758,101.0861,103.0229,705845.0
2020-01-31,103.0229,103.6215,100.8847,101.4743,385117.0
2020-02-03,101.4743,102.5566,100.5027,101.5839,418244.0
2020-02-04,101.5839,103.4349,97.2686,99.0738,517779.0
2020-02-05,99.0738,99.3522,96.7023,96.9749,394174.0
2020-02-06,96.9749,98.1519,94.5099,95.6711,238896.0
2020-02-07,95.6711,98.6445,93.6024,96.5566,263413.0
2020-02-10,96.5566,98.942,93.6574,96.0297,242809.0
2020-02-11,96.0297,96.2686,95.9144,96.1532,301518.0
2020-02-12,96.1532,99.4504,95.125,98.3983,350956.0
2020-02-13,98.3983,98.9492,97.147,97.694,400974.0
2020-02-14,97.694,101.7848,96.071,100.1215,210630.0
2020-02-17,100.1215,101.9538,96.5897,98.3903,329447.0
2020-02-18,98.3903,103.3746,97.447,102.3929,505396.0
2020-02-19,102.3929,103.6003,98.6136,99.7903,908440.0
2020-02-20,99.7903,102.1721,93.7915,96.0848,300681.0
2020-02-21,96.0848,97.8661,94.6821,96.4579,448512.0
2020-02-24,96.4579,98.0525,94.5192,96.108,503400.0
2020-02-25,96.108,100.6112,93.0034,97.4628,320055.0
2020-02-26,97.4628,98.9866,97.4425,98.966,268898.0
2020-02-27,98.966,101.0475,94.3325,96.3592,546498.0
2020-02-28,96.3592,97.4768,95.2076,96.3248,292260.0
2020-03-02,96.3248,100.829,96.3138,100.8174,671894.0
2020-03-03,100.8174,103.8603,97.1547,100.1782,760667.0
2020-03-04,100.1782,104.6791,98.8661,103.3258,311466.0
2020-03-05,103.3258,105.083,101.7757,103.5298,450356.0
2020-03-06,103.5298,105.7902,100.665,102.9119,620238.0
2020-03-09,102.9119,104.6505,99.2365,100.9417,793798.0
2020-03-10,100.9417,101.0263,99.7137,99.7973,270475.0
2020-03-11,99.7973,99.9093,96.8929,97.0017,438801.0
2020-03-12,97.0017,99.97,96.8866,99.8515,425920.0
2020-03-13,99.8515,101.1387,98.4197,99.7049,790232.0
2020-03-16,99.7049,102.2173,95.9966,98.4781,227471.0
2020-03-17,98.4781,102.1409,96.5324,100.162,400990.0
2020-03-18,100.162,103.0403,95.5933,98.4215,495811.0
2020-03-19,98.4215,100.6547,97.2675,99.4882,551595.0
2020-03-20,99.4882,102.0583,98.4299,100.9841,514919.0
2020-03-23,100.9841,103.183,100.7772,102.972,499593.0
2020-03-24,102.972,106.059,100.761,103.8295,425058.0
2020-03-25,103.8295,108.2158,102.2394,106.5835,418186.0
2020-03-26,106.5835,106.7507,106.28,106.4469,358765.0
2020-03-27,106.4469,110.2659,104.0956,107.8829,326775.0
2020-03-30,107.8829,111.0917,107.5737,110.7743,889610.0
2020-03-31,110.7743,113.2644,109.1701,111.6475,582212.0
2020-04-01,111.6475,115.2904,110.3045,113.9201,1211724.0
2020-04-02,113.9201,115.3265,107.7491,109.096,660101.0
2020-04-03,109.096,112.6745,106.9858,110.5364,764391.0
2020-04-06,110.5364,113.582,108.9425,111.9675,635899.0
2020-04-07,111.9675,113.7309,110.0766,111.838,601413.0
2020-04-08,111.838,115.0132,110.9659,114.1233,462710.0
2020-04-09,114.1233,119.7411,113.1685,118.7475,448433.0
2020-04-10,118.7475,121.0241,118.1171,120.3849,450098.0
2020-04-13,120.3849,124.3981,118.5187,122.499,1000865.0
2020-04-14,122.499,122.7746,121.6733,121.9476,267209.0
2020-04-15,121.9476,125.6004,117.3403,120.9636,452347.0
2020-04-16,120.9636,121.2881,120.9042,121.2286,219906.0
2020-04-17,121.2286,124.2411,116.0184,118.9749,546408.0
2020-04-20,118.9749,120.2431,117.7184,118.9865,576977.0
2020-04-21,118.9865,122.2666,117.7253,120.9841,435266.0
2020-04-22,120.9841,122.1954,119.5658,120.775,498167.0
2020-04-23,120.775,121.5619,119.4995,120.2832,339573.0
2020-04-24,120.2832,121.5421,117.4764,118.7189,438542.0
2020-04-27,118.7189,123.7104,116.3161,121.2563,355408.0
2020-04-28,121.2563,122.2389,120.5853,121.5661,359361.0
2020-04-29,121.5661,122.1112,121.4708,122.0155,222457.0
2020-04-30,122.0155,124.5348,120.6674,123.1739,454641.0
2020-05-01,123.1739,126.264,122.6997,125.7798,614073.0
2020-05-04,125.7798,128.6642,121.0368,123.8775,262108.0
2020-05-05,123.8775,128.8898,118.1959,123.1799,263250.0
2020-05-06,123.1799,129.9352,119.2914,125.9589,375508.0
2020-05-07,125.9589,129.402,121.6668,125.086,355911.0
2020-05-08,125.086,128.911,122.4653,126.2656,847004.0
2020-05-11,126.2656,133.979,124.8039,132.4457,857940.0
2020-05-12,132.4457,136.9875,125.1996,129.6453,585484.0
2020-05-13,129.6453,134.4592,125.5871,130.3781,647418.0
2020-05-14,130.3781,132.8853,129.6949,132.1926,594963.0
2020-05-15,132.1926,139.9122,128.5216,136.1318,618605.0
2020-05-18,136.1318,137.4396,134.937,136.2437,452713.0
2020-05-19,136.2437,140.6343,128.9338,133.2271,304912.0
2020-05-20,133.2271,133.5717,130.3687,130.7067,306248.0
2020-05-21,130.7067,130.8587,130.1916,130.3431,395273.0
2020-05-22,130.3431,133.6814,123.2898,126.5304,312052.0
2020-05-25,126.5304,134.2745,123.5015,131.1354,1111898.0
2020-05-26,131.1354,133.0502,126.8873,128.7676,453512.0
2020-05-27,128.7676,132.1082,128.1847,131.5129,343785.0
2020-05-28,131.5129,133.8906,130.3833,132.7503,360275.0
2020-05-29,132.7503,134.5753,130.8415,132.6653,337186.0
2020-06-01,132.6653,136.8652,129.1415,133.3238,1095721.0
2020-06-02,133.3238,137.2089,125.8834,129.6617,402561.0
2020-06-03,129.6617,129.7248,128.4654,128.5279,320763.0
2020-06-04,128.5279,132.4502,125.5291,129.4303,559490.0
2020-06-05,129.4303,130.5849,128.1835,129.3372,231832.0
2020-06-08,129.3372,134.1314,125.2569,130.0292,556567.0
2020-06-09,130.0292,132.4452,128.0875,130.4965,624636.0
2020-06-10,130.4965,133.9907,129.7361,133.2144,730588.0
2020-06-11,133.2144,135.6679,128.8731,131.2913,337367.0
2020-06-12,131.2913,132.2648,130.825,131.7967,256376.0
2020-06-15,131.7967,134.5922,131.4084,134.1968,172791.0
2020-06-16,134.1968,136.2441,131.5127,133.5501,577910.0
2020-06-17,133.5501,133.9596,131.7524,132.1576,353747.0
2020-06-18,132.1576,135.5714,130.7211,134.1135,564877.0
2020-06-19,134.1135,138.4735,131.8655,136.1907,616068.0
2020-06-22,136.1907,137.9951,132.7074,134.4893,900772.0
2020-06-23,134.4893,135.9435,130.9718,132.4034,489891.0
2020-06-24,132.4034,137.696,128.0722,133.3343,666759.0
2020-06-25,133.3343,136.859,132.1007,135.6044,474643.0
2020-06-26,135.6044,136.2337,133.2158,133.837,419469.0
2020-06-29,133.837,134.787,130.9203,131.8563,471238.0
2020-06-30,131.8563,133.5572,131.4599,133.1568,258492.0
2020-07-01,133.1568,140.7421,132.2914,139.8333,304664.0
2020-07-02,139.8333,141.7639,137.3213,139.2439,525227.0
2020-07-03,139.2439,139.5374,137.7374,138.0284,321856.0
2020-07-06,138.0284,140.6935,133.0798,135.6999,489187.0
2020-07-07,135.6999,139.1132,134.9396,138.3381,145936.0
2020-07-08,138.3381,139.159,136.7083,137.5245,489783.0
2020-07-09,137.5245,138.8086,131.8239,133.0664,397994.0
2020-07-10,133.0664,134.2334,128.268,129.4029,491918.0
2020-07-13,129.4029,129.8499,125.6468,126.0823,671634.0
2020-07-14,126.0823,127.7996,122.9038,124.601,233566.0
2020-07-15,124.601,127.2995,121.3624,124.049,463859.0
2020-07-16,124.049,126.0913,123.1538,125.1878,324521.0
2020-07-17,125.1878,133.4135,114.4275,122.4749,414861.0
2020-07-20,122.4749,126.3206,119.3689,123.1963,378949.0
2020-07-21,123.1963,124.9059,117.9525,119.6123,861615.0
2020-07-22,119.6123,122.513,117.4026,120.2907,991014.0
2020-07-23,120.2907,120.9241,119.3335,119.9652,481402.0
2020-07-24,119.9652,122.3218,118.0092,120.3594,566089.0
2020-07-27,120.3594,121.0883,116.1886,116.8965,590773.0
2020-07-28,116.8965,117.4724,114.3096,114.8755,580128.0
2020-07-29,114.8755,116.4021,112.7767,114.2956,302705.0
2020-07-30,114.2956,120.6409,110.7169,116.9782,486046.0
2020-07-31,116.9782,118.771,115.7422,117.5292,666617.0
2020-08-03,117.5292,119.8715,116.967,119.3008,505217.0
2020-08-04,119.3008,123.9599,115.2,119.8406,418396.0
2020-08-05,119.8406,122.8244,118.99,121.9587,355962.0
2020-08-06,121.9587,122.4389,121.308,121.7876,629506.0
2020-08-07,121.7876,130.2367,116.6853,124.9998,400247.0
2020-08-10,124.9998,126.1359,124.5111,125.6446,455500.0
2020-08-11,125.6446,126.5303,124.3493,125.232,883944.0
2020-08-12,125.232,129.8247,123.4916,128.0452,575231.0
2020-08-13,128.0452,131.4578,127.364,130.7622,511803.0
2020-08-14,130.7622,131.3083,129.8665,130.4111,385361.0
2020-08-17,130.4111,134.4675,129.157,133.1867,402417.0
2020-08-18,133.1867,133.6992,130.8133,131.3185,587131.0
2020-08-19,131.3185,134.2619,130.2469,133.1752,642013.0
2020-08-20,133.1752,133.4215,129.5113,129.7513,490932.0
2020-08-21,129.7513,134.285,127.2514,131.7466,845468.0
2020-08-24,131.7466,133.8721,127.4355,129.5252,262335.0
2020-08-25,129.5252,132.8837,126.9525,130.2957,479433.0
2020-08-26,130.2957,131.6579,130.0294,131.3893,563110.0
2020-08-27,131.3893,133.6502,129.1739,131.434,839768.0
2020-08-28,131.434,131.9401,127.259,127.7509,615681.0
2020-08-31,127.7509,127.8766,126.4256,126.5502,349984.0
2020-09-01,126.5502,130.2023,122.3688,126.0051,475873.0
2020-09-02,126.0051,128.9245,123.8201,126.7269,434479.0
2020-09-03,126.7269,127.0801,125.4291,125.7797,257246.0
2020-09-04,125.7797,127.1635,123.1038,124.4733,524103.0
2020-09-07,124.4733,129.9857,121.5049,126.9581,269448.0
2020-09-08,126.9581,127.5088,125.7954,126.3434,512560.0
2020-09-09,126.3434,129.2334,124.7477,127.6215,527801.0
2020-09-10,127.6215,129.0576,120.3886,121.7587,425980.0
2020-09-11,121.7587,123.0021,117.4814,118.6936,262247.0
2020-09-14,118.6936,121.5894,114.4184,117.2797,447144.0
2020-09-15,117.2797,117.4293,115.0379,115.1848,480312.0
2020-09-16,115.1848,117.1434,111.4225,113.3499,330563.0
2020-09-17,113.3499,116.2433,111.8415,114.7167,463494.0
2020-09-18,114.7167,118.5477,113.8877,117.6971,451053.0
2020-09-21,117.6971,120.1377,115.5902,118.0249,566815.0
2020-09-22,118.0249,118.4541,116.0977,116.5214,1011177.0
2020-09-23,116.5214,118.6239,111.7442,113.7975,298174.0
2020-09-24,113.7975,115.8817,110.1599,112.2151,359582.0
2020-09-25,112.2151,117.3531,111.6651,116.7807,578112.0
2020-09-28,116.7807,117.757,115.243,116.2145,441408.0
2020-09-29,116.2145,119.483,112.0862,115.3298,427843.0
2020-09-30,115.3298,115.8572,114.9335,115.4604,517064.0
2020-10-01,115.4604,119.6573,114.9794,119.1608,585638.0
2020-10-02,119.1608,119.7587,118.6727,119.2701,451685.0
2020-10-05,119.2701,124.3437,118.5406,123.5877,289927.0
2020-10-06,123.5877,125.2902,122.2693,123.9677,501778.0
2020-10-07,123.9677,124.7222,122.2077,122.956,250446.0
2020-10-08,122.956,125.88,119.4224,122.3316,311161.0
2020-10-09,122.3316,126.7354,117.2483,121.6268,458764.0
2020-10-12,121.6268,124.0434,118.0198,120.4123,477288.0
2020-10-13,120.4123,121.7794,116.309,117.6447,717784.0
2020-10-14,117.6447,120.2372,115.7853,118.3664,745812.0
2020-10-15,118.3664,120.4677,117.8595,119.954,355658.0
2020-10-16,119.954,121.6565,118.2799,119.9819,362617.0
2020-10-19,119.9819,126.1158,112.2236,118.27,700177.0
2020-10-20,118.27,119.9179,117.7791,119.4223,970144.0
2020-10-21,119.4223,120.3913,118.5263,119.4948,487228.0
2020-10-22,119.4948,123.5046,114.6968,118.6792,394567.0
2020-10-23,118.6792,122.2046,116.6485,120.1487,327238.0
2020-10-26,120.1487,124.3683,118.851,123.0393,256171.0
2020-10-27,123.0393,125.9296,118.8194,121.6777,419415.0
2020-10-28,121.6777,122.6118,118.6432,119.561,293239.0
2020-10-29,119.561,122.8044,118.616,121.8414,556255.0
2020-10-30,121.8414,124.5929,119.0887,121.8401,190776.0
2020-11-02,121.8401,128.283,119.4121,125.7766,576949.0
2020-11-03,125.7766,128.0079,124.8893,127.1112,601420.0
2020-11-04,127.1112,128.831,125.8098,127.5254,360759.0
2020-11-05,127.5254,129.0149,124.2347,125.703,401878.0
2020-11-06,125.703,128.0304,120.7835,123.0621,466646.0
2020-11-09,123.0621,125.8432,122.3883,125.1579,400215.0
2020-11-10,125.1579,126.6195,124.1898,125.6477,244704.0
2020-11-11,125.6477,129.1272,120.996,124.4422,514854.0
2020-11-12,124.4422,127.6729,119.7803,122.9728,1113217.0
2020-11-13,122.9728,124.3721,120.7915,122.1818,813648.0
2020-11-16,122.1818,123.0794,119.1893,120.0715,442037.0
2020-11-17,120.0715,120.5093,119.0499,119.4855,427846.0
2020-11-18,119.4855,122.6487,114.7321,117.852,591502.0
2020-11-19,117.852,121.6738,116.0058,119.7971,305409.0
2020-11-20,119.7971,125.7489,114.2957,120.2278,269722.0
2020-11-23,120.2278,120.521,118.1042,118.3929,639488.0
2020-11-24,118.3929,118.4152,116.6361,116.658,408537.0
2020-11-25,116.658,121.2097,114.4767,118.985,461041.0
2020-11-26,118.985,121.6456,117.6845,120.3303,253034.0
2020-11-27,120.3303,123.4755,118.1387,121.2668,365851.0
2020-11-30,121.2668,126.305,113.1489,118.0536,300251.0
2020-12-01,118.0536,119.9936,115.7266,117.6601,568888.0
2020-12-02,117.6601,117.7514,116.4599,116.5503,594355.0
2020-12-03,116.5503,118.5218,115.3261,117.2898,531345.0
2020-12-04,117.2898,119.6275,116.4858,118.8131,170499.0
2020-12-07,118.8131,122.3516,117.3364,120.8496,365405.0
2020-12-08,120.8496,124.3074,119.7775,123.2143,767366.0
2020-12-09,123.2143,125.2749,117.9001,119.9054,535197.0
2020-12-10,119.9054,124.3798,117.9184,122.3522,291357.0
2020-12-11,122.3522,123.6144,119.209,120.4516,395500.0
2020-12-14,120.4516,125.1948,118.8745,123.5769,456738.0
2020-12-15,123.5769,128.9602,121.5471,126.8762,487085.0
2020-12-16,126.8762,128.1325,122.5653,123.7911,372284.0
2020-12-17,123.7911,128.3244,119.7719,124.289,497073.0
2020-12-18,124.289,124.3792,124.0965,124.1867,726396.0
2020-12-21,124.1867,124.3909,123.5673,123.7708,428390.0
2020-12-22,123.7708,126.4009,122.0587,124.6763,306256.0
2020-12-23,124.6763,125.0209,124.5823,124.9267,765146.0
2020-12-24,124.9267,128.8862,115.5343,119.316,351811.0
2020-12-25,119.316,122.7065,115.1167,118.4835,406349.0
2020-12-28,118.4835,121.6806,114.3333,117.504,573020.0
2020-12-29,117.504,119.5859,116.1387,118.2124,674777.0
2020-12-30,118.2124,122.6277,117.2507,121.6381,347929.0
2020-12-31,121.6381,124.4484,121.6322,124.4424,530481.0
2021-01-01,124.4424,127.5056,122.3215,125.369,597538.0
2021-01-04,125.369,127.6121,123.9338,126.1678,302517.0
2021-01-05,126.1678,132.1899,121.5754,127.5472,559891.0
2021-01-06,127.5472,129.7352,120.1905,122.2884,512309.0
2021-01-07,122.2884,122.6657,120.1978,120.5698,348839.0
2021-01-08,120.5698,126.182,117.3869,122.9365,619400.0
2021-01-11,122.9365,125.8113,122.1063,124.9673,524102.0
2021-01-12,124.9673,127.4283,124.6917,127.1478,490603.0
2021-01-13,127.1478,133.499,121.8785,128.1866,747270.0
2021-01-14,128.1866,132.1954,127.1754,131.1607,464024.0
2021-01-15,131.1607,134.6868,128.8112,132.3165,212939.0
2021-01-18,132.3165,134.5007,131.8236,134.0015,817624.0
2021-01-19,134.0015,134.6299,131.2759,131.8944,314132.0
2021-01-20,131.8944,135.5011,126.6732,130.2345,303481.0
2021-01-21,130.2345,131.3676,129.049,130.1817,342448.0
2021-01-22,130.1817,132.0008,126.7997,128.5967,332118.0
2021-01-25,128.5967,134.1073,127.903,133.3878,471021.0
2021-01-26,133.3878,136.9623,131.7502,135.3012,270215.0
2021-01-27,135.3012,138.4129,132.3742,135.482,322392.0
2021-01-28,135.482,140.5468,134.0815,139.1088,504933.0
2021-01-29,139.1088,144.7938,136.1827,141.8109,488675.0
2021-02-01,141.8109,146.8317,134.0963,139.0183,344737.0
2021-02-02,139.0183,141.6019,137.384,139.9566,449302.0
2021-02-03,139.9566,142.2625,139.2325,141.5303,560138.0
2021-02-04,141.5303,144.7012,140.6422,143.7988,490260.0
2021-02-05,143.7988,146.9245,143.184,146.299,427159.0
2021-02-08,146.299,149.9807,140.401,144.0255,548724.0
2021-02-09,144.0255,144.232,142.8613,143.0665,803037.0
2021-02-10,143.0665,143.216,142.6057,142.7549,651615.0
2021-02-11,142.7549,151.0657,138.7338,146.9272,681600.0
2021-02-12,146.9272,154.3503,143.4843,150.8163,408029.0
2021-02-15,150.8163,155.4116,150.2678,154.8485,500251.0
2021-02-16,154.8485,161.3628,154.0152,160.4992,322202.0
2021-02-17,160.4992,161.2259,156.8903,157.6039,538831.0
2021-02-18,157.6039,158.7238,151.7904,152.8767,564307.0
2021-02-19,152.8767,154.9743,151.3363,153.4283,794518.0
2021-02-22,153.4283,157.0843,149.0556,152.6941,586170.0
2021-02-23,152.6941,156.3721,151.9259,155.5894,764663.0
2021-02-24,155.5894,160.0249,155.4406,159.872,305302.0
2021-02-25,159.872,166.3432,154.4309,160.8682,557984.0
2021-02-26,160.8682,161.1128,159.4173,159.66,526265.0
2021-03-01,159.66,163.4285,154.668,158.4069,729302.0
2021-03-02,158.4069,163.0047,157.1317,161.7029,308078.0
2021-03-03,161.7029,166.4666,160.5616,165.2999,528424.0
2021-03-04,165.2999,172.4057,160.4194,167.4613,539433.0
2021-03-05,167.4613,167.5908,163.5599,163.6864,461818.0
2021-03-08,163.6864,170.7267,161.5543,168.5315,390985.0
2021-03-09,168.5315,170.9737,164.8527,167.2767,423159.0
2021-03-10,167.2767,171.6455,165.4123,169.7535,270160.0
2021-03-11,169.7535,171.3786,163.4437,165.0235,525790.0
2021-03-12,165.0235,170.8607,161.9904,167.7769,546896.0
2021-03-15,167.7769,172.943,166.5927,171.7309,273620.0
2021-03-16,171.7309,172.1907,170.5894,171.0473,592247.0
2021-03-17,171.0473,175.616,167.5225,172.0701,418595.0
2021-03-18,172.0701,173.321,171.0163,172.266,854079.0
2021-03-19,172.266,175.0856,170.8365,173.6447,669036.0
2021-03-22,173.6447,179.1177,162.5478,167.8378,290280.0
2021-03-23,167.8378,168.6652,163.5525,164.3628,506378.0
2021-03-24,164.3628,168.6209,162.1919,166.4228,589509.0
2021-03-25,166.4228,169.8835,164.9758,168.4191,800815.0
2021-03-26,168.4191,170.9434,168.0697,170.5894,343894.0
2021-03-29,170.5894,175.0397,167.3068,171.7351,513208.0
2021-03-30,171.7351,174.6911,166.4368,169.3517,555771.0
2021-03-31,169.3517,172.2554,165.4397,168.3259,493539.0
2021-04-01,168.3259,172.432,163.3315,167.4154,762639.0
2021-04-02,167.4154,171.1891,166.3824,170.1394,568933.0
2021-04-05,170.1394,171.2321,166.5156,167.592,558273.0
2021-04-06,167.592,168.2161,165.6248,166.2438,372732.0
2021-04-07,166.2438,169.0586,163.577,166.3895,513273.0
2021-04-08,166.3895,170.0152,159.1255,162.6701,412792.0
2021-04-09,162.6701,165.1015,159.2938,161.7109,376128.0
2021-04-12,161.7109,163.4626,159.2171,160.9608,382219.0
2021-04-13,160.9608,164.4974,157.2221,160.7542,379917.0
2021-04-14,160.7542,161.2779,158.3725,158.8901,517651.0
2021-04-15,158.8901,164.138,156.1199,161.3253,569941.0
2021-04-16,161.3253,162.9933,158.3191,159.9732,676051.0
2021-04-19,159.9732,166.9022,157.0408,163.8978,607454.0
2021-04-20,163.8978,165.6384,158.2144,159.9127,416102.0
2021-04-21,159.9127,160.8823,158.102,159.0664,332189.0
2021-04-22,159.0664,162.1385,155.3905,158.4506,760996.0
2021-04-23,158.4506,159.368,157.8788,158.7949,375911.0
2021-04-26,158.7949,166.6507,149.075,156.8338,350424.0
2021-04-27,156.8338,159.7781,152.6646,155.5855,376454.0
2021-04-28,155.5855,156.3781,150.7041,151.4757,791973.0
2021-04-29,151.4757,151.8143,146.5166,146.8448,287532.0
2021-04-30,146.8448,155.8944,143.5934,152.5174,334390.0
2021-05-03,152.5174,159.3036,146.8186,153.5656,633987.0
2021-05-04,153.5656,154.4941,152.0973,153.0225,615479.0
2021-05-05,153.0225,154.4508,149.3024,150.7091,353958.0
2021-05-06,150.7091,152.4209,150.2912,151.9995,358807.0
2021-05-07,151.9995,153.6611,148.6389,150.2816,423729.0
2021-05-10,150.2816,150.3362,149.4613,149.5157,352969.0
2021-05-11,149.5157,153.0142,149.5086,153.007,711132.0
2021-05-12,153.007,155.5749,150.651,153.2158,395113.0
2021-05-13,153.2158,153.8937,149.5997,150.2646,401758.0
2021-05-14,150.2646,153.4755,143.1594,146.2853,293481.0
2021-05-17,146.2853,146.6898,140.0629,140.4513,658555.0
2021-05-18,140.4513,142.2141,133.2046,134.8977,898531.0
2021-05-19,134.8977,137.6919,132.939,135.7213,351774.0
2021-05-20,135.7213,137.7642,132.589,134.6153,336699.0
2021-05-21,134.6153,136.2313,134.467,136.0814,446136.0
2021-05-24,136.0814,138.4343,133.5546,135.9045,536677.0
2021-05-25,135.9045,139.0063,133.3505,136.4421,445598.0
2021-05-26,136.4421,137.3727,131.1276,132.028,934991.0
2021-05-27,132.028,132.0502,131.0213,131.0433,332338.0
2021-05-28,131.0433,136.1851,126.6194,131.7377,459454.0
2021-05-31,131.7377,134.7183,131.057,134.0257,506693.0
2021-06-01,134.0257,138.3843,130.9944,135.3237,817099.0
2021-06-02,135.3237,136.8037,134.7974,136.2738,282316.0
2021-06-03,136.2738,139.8838,134.2444,137.8312,229865.0
2021-06-04,137.8312,139.8601,134.2671,136.273,243434.0
2021-06-07,136.273,139.2977,130.5004,133.4627,438529.0
2021-06-08,133.4627,136.0502,129.4132,131.9717,407705.0
2021-06-09,131.9717,133.5035,129.4851,131.0056,240282.0
2021-06-10,131.0056,133.4404,130.0674,132.4915,527350.0
2021-06-11,132.4915,136.6129,130.8185,134.9094,459189.0
2021-06-14,134.9094,136.9373,132.1521,134.1688,858430.0
2021-06-15,134.1688,135.2334,129.6079,130.6445,304648.0
2021-06-16,130.6445,131.0142,128.3132,128.6773,185347.0
2021-06-17,128.6773,132.3122,126.4432,130.0541,200648.0
2021-06-18,130.0541,132.8527,124.6918,127.434,386875.0
2021-06-21,127.434,130.4847,126.8247,129.8638,505362.0
2021-06-22,129.8638,131.1361,126.501,127.7527,350833.0
2021-06-23,127.7527,135.6997,121.0932,128.9764,330501.0
2021-06-24,128.9764,131.3382,122.9001,125.1926,616356.0
2021-06-25,125.1926,127.1645,125.0811,127.0514,550589.0
2021-06-28,127.0514,128.5081,119.591,120.978,451365.0
2021-06-29,120.978,122.5135,118.8817,120.4099,589251.0
2021-06-30,120.4099,124.3737,116.6585,120.6158,882853.0
2021-07-01,120.6158,121.4709,119.1268,119.9774,340889.0
2021-07-02,119.9774,123.245,115.9492,119.1955,770497.0
2021-07-05,119.1955,120.9627,116.3344,118.0852,663953.0
2021-07-06,118.0852,118.754,116.4599,117.1233,483643.0
2021-07-07,117.1233,121.4103,116.561,120.8302,328071.0
2021-07-08,120.8302,122.8208,116.6476,118.6016,402451.0
2021-07-09,118.6016,122.4714,117.1119,120.9522,368505.0
2021-07-12,120.9522,125.9876,118.465,123.4491,299658.0
2021-07-13,123.4491,125.0423,119.6351,121.1991,287062.0
2021-07-14,121.1991,122.5119,118.8468,120.1482,348617.0
2021-07-15,120.1482,126.1357,119.2073,125.1557,616967.0
2021-07-16,125.1557,131.2202,123.2648,129.2672,342352.0
2021-07-19,129.2672,132.103,128.9523,131.782,508550.0
2021-07-20,131.782,133.7458,129.4189,131.3767,468256.0
2021-07-21,131.3767,132.0173,128.0292,128.6566,460894.0
2021-07-22,128.6566,130.5122,124.234,126.052,354104.0
2021-07-23,126.052,129.2906,125.0426,128.2635,492113.0
2021-07-26,128.2635,129.1761,125.7556,126.6568,257757.0
2021-07-27,126.6568,126.8818,123.5,123.7198,481680.0
2021-07-28,123.7198,125.7715,123.2547,125.3005,357642.0
2021-07-29,125.3005,125.6289,122.6701,122.9925,394634.0
2021-07-30,122.9925,125.8661,122.7459,125.6142,457447.0
2021-08-02,125.6142,127.8923,123.9545,126.2246,364935.0
2021-08-03,126.2246,127.3923,126.1437,127.3108,555295.0
2021-08-04,127.3108,130.625,120.2739,123.4887,400405.0
2021-08-05,123.4887,125.7641,120.0738,122.3279,444407.0
2021-08-06,122.3279,127.0276,116.7756,121.4412,344053.0
2021-08-09,121.4412,125.6198,116.4096,120.5577,327627.0
2021-08-10,120.5577,122.3757,119.2536,121.0661,399999.0
2021-08-11,121.0661,124.8292,117.2248,120.9854,426245.0
2021-08-12,120.9854,121.8041,118.8629,119.6728,223377.0
2021-08-13,119.6728,123.3013,118.4585,122.0629,375035.0
2021-08-16,122.0629,123.213,121.9885,123.138,398097.0
2021-08-17,123.138,124.2896,122.33,123.4794,360399.0
2021-08-18,123.4794,124.0493,122.6224,123.191,504264.0
2021-08-19,123.191,130.7726,120.3565,127.8313,365586.0
2021-08-20,127.8313,128.4101,124.0059,124.57,551973.0
2021-08-23,124.57,125.9407,122.1269,123.4857,166462.0
2021-08-24,123.4857,129.8695,121.881,128.2034,404972.0
2021-08-25,128.2034,133.0066,124.9728,129.7373,452776.0
2021-08-26,129.7373,133.4866,129.4813,133.2238,578104.0
2021-08-27,133.2238,134.9678,130.7324,132.4665,404458.0
2021-08-30,132.4665,138.5932,128.8781,134.9378,540304.0
2021-08-31,134.9378,135.3196,131.2789,131.6513,513412.0
2021-09-01,131.6513,131.9652,128.3691,128.6759,449733.0
2021-09-02,128.6759,133.0205,124.9994,129.3255,425412.0
2021-09-03,129.3255,129.7784,126.2748,126.7186,508397.0
2021-09-06,126.7186,129.3036,123.6809,126.2566,327399.0
2021-09-07,126.2566,128.9308,123.5015,126.174,685213.0
2021-09-08,126.174,137.1146,124.4837,135.302,224905.0
2021-09-09,135.302,136.4958,134.6835,135.8746,423696.0
2021-09-10,135.8746,139.2836,133.5419,136.9327,385970.0
2021-09-13,136.9327,137.7532,135.4205,136.2369,489731.0
2021-09-14,136.2369,140.1664,129.9672,133.8272,531955.0
2021-09-15,133.8272,135.4634,129.7541,131.36,522175.0
2021-09-16,131.36,133.9471,127.7705,130.3374,391450.0
2021-09-17,130.3374,132.5203,128.4218,130.6008,320404.0
2021-09-20,130.6008,130.8525,129.3968,129.6467,548464.0
2021-09-21,129.6467,134.1941,126.4896,131.004,412936.0
2021-09-22,131.004,134.4956,124.7768,128.1935,331407.0
2021-09-23,128.1935,130.8655,122.9003,125.5165,731648.0
2021-09-24,125.5165,131.6171,120.601,126.657,1610304.0
2021-09-27,126.657,132.8634,124.3627,130.4996,357961.0
2021-09-28,130.4996,133.0952,129.5508,132.1345,578785.0
2021-09-29,132.1345,134.4789,131.3288,133.6639,360904.0
2021-09-30,133.6639,134.541,130.127,130.9866,278481.0
2021-10-01,130.9866,133.6363,127.2039,129.8303,466938.0
2021-10-04,129.8303,133.1438,124.639,127.9034,347806.0
2021-10-05,127.9034,128.3202,124.5381,124.9453,561848.0
2021-10-06,124.9453,126.0384,122.2521,123.331,221231.0
2021-10-07,123.331,125.732,118.2785,120.6269,355481.0
2021-10-08,120.6269,125.6845,116.8531,121.8717,640752.0
2021-10-11,121.8717,124.969,120.2778,123.3556,514294.0
2021-10-12,123.3556,125.4207,121.4994,123.5614,590429.0
2021-10-13,123.5614,123.5773,120.2588,120.2743,470261.0
2021-10-14,120.2743,122.99,117.1278,119.8336,366714.0
2021-10-15,119.8336,121.0743,117.9214,119.1551,408500.0
2021-10-18,119.1551,122.1055,117.696,120.6284,603453.0
2021-10-19,120.6284,121.3992,118.2176,118.9779,572335.0
2021-10-20,118.9779,120.6733,113.345,114.9835,276893.0
2021-10-21,114.9835,116.6307,114.7647,116.4093,293443.0
2021-10-22,116.4093,118.9889,110.8865,113.3994,277107.0
2021-10-25,113.3994,121.8764,109.6158,117.9412,467347.0
2021-10-26,117.9412,118.637,116.7294,117.4221,487674.0
2021-10-27,117.4221,119.0422,116.9715,118.5872,598256.0
2021-10-28,118.5872,120.6419,116.7055,118.7575,628416.0
2021-10-29,118.7575,122.6318,117.3064,121.1515,470981.0
2021-11-01,121.1515,122.7332,117.7924,119.3506,398109.0
2021-11-02,119.3506,124.7355,117.1097,122.4367,258507.0
2021-11-03,122.4367,123.6903,115.6647,116.8612,829161.0
2021-11-04,116.8612,118.0235,115.073,116.2289,349667.0
2021-11-05,116.2289,116.7385,115.7042,116.2137,843077.0
2021-11-08,116.2137,117.4849,114.1045,115.3665,406362.0
2021-11-09,115.3665,120.1587,112.1815,116.9306,546769.0
2021-11-10,116.9306,119.049,114.2655,116.3738,260222.0
2021-11-11,116.3738,116.6041,113.0397,113.2638,642802.0
2021-11-12,113.2638,116.5789,110.4025,113.7065,584853.0
2021-11-15,113.7065,116.7828,110.5852,113.6603,210257.0
2021-11-16,113.6603,115.1439,110.8018,112.2673,350033.0
2021-11-17,112.2673,114.5189,111.9509,114.1971,433351.0
2021-11-18,114.1971,115.7221,111.0899,112.5935,321366.0
2021-11-19,112.5935,112.6575,108.5598,108.6216,160330.0
2021-11-22,108.6216,109.6768,105.1533,106.1849,311893.0
2021-11-23,106.1849,106.2201,105.5292,105.5641,382890.0
2021-11-24,105.5641,108.7883,103.2649,106.4694,647443.0
2021-11-25,106.4694,106.5706,104.0064,104.1054,427182.0
2021-11-26,104.1054,105.7639,101.9393,103.5896,235465.0
2021-11-29,103.5896,107.5755,102.0011,105.9508,509975.0
2021-11-30,105.9508,107.4568,104.8114,106.3136,296545.0
2021-12-01,106.3136,109.2566,105.1429,108.0667,322639.0
2021-12-02,108.0667,109.1346,107.161,108.2276,564799.0
2021-12-03,108.2276,114.848,105.1177,111.64,315794.0
2021-12-06,111.64,111.8586,109.5384,109.7533,704823.0
2021-12-07,109.7533,110.9797,108.0424,109.2633,369331.0
2021-12-08,109.2633,111.7018,104.6262,107.0145,292544.0
2021-12-09,107.0145,108.5365,106.6019,108.1196,646709.0
2021-12-10,108.1196,111.3301,102.8921,106.0408,204792.0
2021-12-13,106.0408,109.4848,103.6323,107.0533,844071.0
2021-12-14,107.0533,110.7795,106.5297,110.2403,359358.0
2021-12-15,110.2403,116.6532,105.2522,111.6034,231125.0
2021-12-16,111.6034,115.0875,107.5042,110.9685,408107.0
2021-12-17,110.9685,112.6384,106.4362,108.0623,954880.0
2021-12-20,108.0623,110.9502,107.9046,110.7885,130473.0
2021-12-21,110.7885,113.2902,110.677,113.1763,235215.0
2021-12-22,113.1763,113.9943,109.6293,110.4275,228419.0
2021-12-23,110.4275,117.232,105.97,112.6835,250529.0
2021-12-24,112.6835,115.6292,111.3136,114.2404,270825.0
2021-12-27,114.2404,116.6752,108.3012,110.6597,268644.0
2021-12-28,110.6597,111.0383,108.0856,108.4568,520232.0
2021-12-29,108.4568,111.5233,106.3808,109.4288,209665.0
2021-12-30,109.4288,111.5315,108.8538,110.9485,300104.0
2021-12-31,110.9485,111.0972,110.9436,111.0923,343554.0
2022-01-03,111.0923,112.7797,109.4911,111.1773,471144.0
2022-01-04,111.1773,116.1374,109.8198,114.7363,168326.0
2022-01-05,114.7363,117.4667,110.7996,113.5005,653228.0
2022-01-06,113.5005,114.0834,111.9219,112.4996,826114.0
2022-01-07,112.4996,115.1201,109.1075,111.7096,462645.0
2022-01-10,111.7096,120.5975,108.8017,117.5379,356932.0
2022-01-11,117.5379,123.9938,112.0715,118.4834,573226.0
2022-01-12,118.4834,119.3226,116.5656,117.3971,319529.0
2022-01-13,117.3971,120.7386,117.0373,120.3697,493789.0
2022-01-14,120.3697,121.6899,113.7219,114.983,348788.0
2022-01-17,114.983,119.3615,112.3931,116.7322,307718.0
2022-01-18,116.7322,117.235,114.4776,114.9728,250598.0
2022-01-19,114.9728,119.7983,107.772,112.4933,312798.0
2022-01-20,112.4933,114.7961,111.23,113.5212,569877.0
2022-01-21,113.5212,122.8102,107.5356,116.6592,472714.0
2022-01-24,116.6592,120.0574,110.2176,113.5245,368904.0
2022-01-25,113.5245,114.1459,111.54,112.1539,238998.0
2022-01-26,112.1539,115.0583,110.9693,113.8557,188633.0
2022-01-27,113.8557,114.1827,110.2957,110.6135,468507.0
2022-01-28,110.6135,110.9561,106.2668,106.597,334529.0
2022-01-31,106.597,106.7589,105.7048,105.8656,578749.0
2022-02-01,105.8656,109.8779,103.044,107.0255,995792.0
2022-02-02,107.0255,108.8442,102.3468,104.116,528624.0
2022-02-03,104.116,105.7867,102.4635,104.1339,487741.0
2022-02-04,104.1339,105.4885,101.1193,102.4519,405341.0
2022-02-07,102.4519,103.4002,101.44,102.3876,224512.0
2022-02-08,102.3876,108.3359,98.7037,104.5733,487225.0
2022-02-09,104.5733,105.4146,101.6354,102.4597,334680.0
2022-02-10,102.4597,103.6357,100.6573,101.826,250952.0
2022-02-11,101.826,104.219,101.447,103.8325,349608.0
2022-02-14,103.8325,107.7061,100.7502,104.601,251293.0
2022-02-15,104.601,106.5463,102.4409,104.3821,355559.0
2022-02-16,104.3821,105.9813,101.1773,102.7515,1162652.0
2022-02-17,102.7515,107.3864,98.6753,103.2888,262604.0
2022-02-18,103.2888,107.2575,99.519,103.4806,441384.0
2022-02-21,103.4806,106.0159,99.2726,101.7658,534078.0
2022-02-22,101.7658,105.5413,99.9393,103.6804,637398.0
2022-02-23,103.6804,103.9421,102.6135,102.8732,322676.0
2022-02-24,102.8732,104.8561,102.6745,104.654,624007.0
2022-02-25,104.654,106.8452,101.22,103.3846,269901.0
2022-02-28,103.3846,109.8025,99.837,106.1597,427710.0
2022-03-01,106.1597,106.7349,105.9692,106.5438,212667.0
2022-03-02,106.5438,107.2075,105.9236,106.587,329344.0
2022-03-03,106.587,107.5456,105.9286,106.8853,288983.0
2022-03-04,106.8853,108.4279,104.2764,105.8034,534316.0
2022-03-07,105.8034,106.2768,103.347,103.8114,146041.0
2022-03-08,103.8114,105.4953,103.1267,104.804,469127.0
2022-03-09,104.804,105.0187,104.4754,104.6898,413286.0
2022-03-10,104.6898,105.7649,100.1787,101.2181,388862.0
2022-03-11,101.2181,103.1844,98.8869,100.8459,319011.0
2022-03-14,100.8459,100.91,100.1988,100.2625,770478.0
2022-03-15,100.2625,102.4213,100.1877,102.3449,1065130.0
2022-03-16,102.3449,102.6525,102.0769,102.3844,402555.0
2022-03-17,102.3844,104.9308,99.2593,101.791,651451.0
2022-03-18,101.791,102.5165,101.4581,102.1823,444789.0
2022-03-21,102.1823,107.6413,101.1491,106.5638,439466.0
2022-03-22,106.5638,106.9232,103.26,103.6094,362000.0
2022-03-23,103.6094,107.1154,100.1412,103.646,682879.0
2022-03-24,103.646,105.0701,103.1602,104.5799,514722.0
2022-03-25,104.5799,108.4519,103.0073,106.8453,595144.0
2022-03-28,106.8453,110.1867,105.3565,108.6724,217833.0
2022-03-29,108.6724,109.2521,108.5801,109.1594,531511.0
2022-03-30,109.1594,111.0105,106.9566,108.8016,446660.0
2022-03-31,108.8016,110.8672,108.6161,110.6785,350302.0
2022-04-01,110.6785,111.5972,107.0078,107.9035,515255.0
2022-04-04,107.9035,112.0003,102.3036,106.3411,423528.0
2022-04-05,106.3411,108.3839,103.9358,105.9715,427117.0
2022-04-06,105.9715,109.434,105.1985,108.6415,513520.0
2022-04-07,108.6415,109.8804,107.2778,108.5152,449184.0
2022-04-08,108.5152,109.3802,107.1604,108.0214,692687.0
2022-04-11,108.0214,110.2773,106.9658,109.2101,663251.0
2022-04-12,109.2101,109.9092,108.5536,109.2525,324501.0
2022-04-13,109.2525,111.872,107.2729,109.881,586931.0
2022-04-14,109.881,110.171,106.5476,106.8295,452375.0
2022-04-15,106.8295,111.3916,101.843,106.3862,385191.0
2022-04-18,106.3862,107.9285,103.8895,105.4178,509493.0
2022-04-19,105.4178,106.9336,105.1316,106.6441,953523.0
2022-04-20,106.6441,107.4797,104.8112,105.6389,279096.0
2022-04-21,105.6389,109.3615,105.1351,108.8423,390873.0
2022-04-22,108.8423,112.7161,105.8261,109.6767,586496.0
2022-04-25,109.6767,111.041,106.8587,108.2047,677898.0
2022-04-26,108.2047,112.3509,102.639,106.7287,463503.0
2022-04-27,106.7287,112.3636,104.3098,109.8734,316531.0
2022-04-28,109.8734,110.4275,106.1745,106.7126,952390.0
2022-04-29,106.7126,107.0998,104.2943,104.6741,454311.0
2022-05-02,104.6741,107.3898,102.9742,105.6737,1103557.0
2022-05-03,105.6737,110.8641,103.6729,108.804,487575.0
2022-05-04,108.804,113.1958,106.3117,110.661,383247.0
2022-05-05,110.661,114.1231,107.8662,111.3119,407596.0
2022-05-06,111.3119,112.9932,108.7533,110.4211,725444.0
2022-05-09,110.4211,111.7146,107.9076,109.1866,595342.0
2022-05-10,109.1866,110.4481,107.0461,108.2973,448945.0
2022-05-11,108.2973,110.2533,104.9661,106.8967,647456.0
2022-05-12,106.8967,109.0997,104.1876,106.3799,313679.0
2022-05-13,106.3799,106.8443,104.8787,105.3385,263061.0
2022-05-16,105.3385,105.3584,104.9256,104.9453,395677.0
2022-05-17,104.9453,106.4582,102.1219,103.6156,451597.0
2022-05-18,103.6156,108.8329,102.3009,107.4693,397173.0
2022-05-19,107.4693,110.7484,104.7712,108.0361,394645.0
2022-05-20,108.0361,109.2609,106.8333,108.0579,470905.0
2022-05-23,108.0579,109.4436,107.3725,108.7538,315684.0
2022-05-24,108.7538,112.2172,108.6576,112.118,615857.0
2022-05-25,112.118,115.4689,108.4288,111.7692,509908.0
2022-05-26,111.7692,116.7972,109.5281,114.5014,608578.0
2022-05-27,114.5014,116.2941,113.2549,115.0418,416132.0
2022-05-30,115.0418,121.9554,113.2427,120.0776,835210.0
2022-05-31,120.0776,122.805,117.2396,119.9644,209595.0
2022-06-01,119.9644,121.5265,114.1117,115.6172,367090.0
2022-06-02,115.6172,117.906,114.6647,116.9426,374618.0
2022-06-03,116.9426,117.3298,115.7959,116.1806,516946.0
2022-06-06,116.1806,118.4165,109.7158,111.8688,774611.0
2022-06-07,111.8688,112.3004,109.6816,110.1065,327786.0
2022-06-08,110.1065,110.6172,106.8107,107.3084,1057845.0
2022-06-09,107.3084,110.1713,106.8684,109.7214,564637.0
2022-06-10,109.7214,112.0174,107.1803,109.4711,746229.0
2022-06-13,109.4711,110.2467,108.2095,108.9815,314057.0
2022-06-14,108.9815,109.3251,108.0844,108.4262,272021.0
2022-06-15,108.4262,114.4846,103.2615,109.2792,343011.0
2022-06-16,109.2792,110.1128,106.4189,107.2369,523108.0
2022-06-17,107.2369,108.7142,105.0312,106.4984,296563.0
2022-06-20,106.4984,110.2797,104.7132,108.4616,253401.0
2022-06-21,108.4616,111.8963,105.605,109.0249,774942.0
2022-06-22,109.0249,111.9263,107.1771,110.061,305225.0
2022-06-23,110.061,113.5257,107.5667,111.0099,238352.0
2022-06-24,111.0099,112.4512,107.4039,108.8167,274914.0
2022-06-27,108.8167,114.984,107.0021,113.098,574580.0
2022-06-28,113.098,116.5599,109.6596,113.1208,480862.0
2022-06-29,113.1208,113.5602,111.8697,112.3059,258611.0
2022-06-30,112.3059,112.5649,108.4099,108.6604,1206862.0
2022-07-01,108.6604,112.4993,106.3178,110.125,207846.0
2022-07-04,110.125,112.4223,107.6249,109.9178,404099.0
2022-07-05,109.9178,110.8859,108.5103,109.4746,436059.0
2022-07-06,109.4746,110.7118,108.4952,109.7301,570356.0
2022-07-07,109.7301,112.7895,107.6268,110.6682,428645.0
2022-07-08,110.6682,112.1633,110.0813,111.5716,285566.0
2022-07-11,111.5716,114.1458,108.9607,111.534,292615.0
2022-07-12,111.534,112.8053,111.236,112.5046,257896.0
2022-07-13,112.5046,112.8106,110.2911,110.5919,963839.0
2022-07-14,110.5919,112.566,105.3181,107.2321,236045.0
2022-07-15,107.2321,107.6606,105.867,106.2917,169644.0
2022-07-18,106.2917,107.1227,105.1845,106.0133,313922.0
2022-07-19,106.0133,107.1481,105.0267,106.16,337100.0
2022-07-20,106.16,108.9546,104.1902,106.9697,300504.0
2022-07-21,106.9697,108.699,106.5369,108.261,328112.0
2022-07-22,108.261,108.6082,106.8529,107.1968,494402.0
2022-07-25,107.1968,110.2025,105.705,108.6899,680636.0
2022-07-26,108.6899,113.1139,105.839,110.2228,252118.0
2022-07-27,110.2228,112.0151,106.2052,107.9607,581360.0
2022-07-28,107.9607,110.2111,103.9342,106.1467,257321.0
2022-07-29,106.1467,108.4508,102.4207,104.6932,260804.0
2022-08-01,104.6932,107.9718,102.2692,105.5284,448202.0
2022-08-02,105.5284,110.0942,105.2788,109.8343,358087.0
2022-08-03,109.8343,114.1526,109.5694,113.878,445464.0
2022-08-04,113.878,114.5139,112.7954,113.4289,522354.0
2022-08-05,113.4289,113.7934,109.5777,109.931,328450.0
2022-08-08,109.931,110.9034,106.6627,107.6146,563204.0
2022-08-09,107.6146,109.5149,107.2745,109.1699,361497.0
2022-08-10,109.1699,111.9201,107.6527,110.3859,408706.0
2022-08-11,110.3859,114.5566,110.2224,114.3871,469393.0
2022-08-12,114.3871,115.5948,112.1428,113.3394,524682.0
2022-08-15,113.3394,116.4446,108.3215,111.3729,310140.0
2022-08-16,111.3729,117.6045,109.8151,115.9823,469758.0
2022-08-17,115.9823,116.5452,115.6224,116.1847,252145.0
2022-08-18,116.1847,121.429,113.3195,118.5066,511029.0
2022-08-19,118.5066,120.3992,117.3516,119.2371,522057.0
2022-08-22,119.2371,123.455,117.0436,121.225,477339.0
2022-08-23,121.225,123.2174,121.2157,123.208,348056.0
2022-08-24,123.208,124.1914,119.5026,120.4641,637100.0
2022-08-25,120.4641,125.2363,113.7525,118.4446,484492.0
2022-08-26,118.4446,120.003,115.0429,116.5766,465361.0
2022-08-29,116.5766,117.4692,115.5674,116.4591,208623.0
2022-08-30,116.4591,124.4016,113.5254,121.3448,305598.0
2022-08-31,121.3448,123.9919,118.9139,121.5567,798251.0
2022-09-01,121.5567,122.4733,120.6437,121.5602,565194.0
2022-09-02,121.5602,122.3769,120.8193,121.6355,394211.0
2022-09-05,121.6355,122.365,116.919,117.6244,581211.0
2022-09-06,117.6244,118.6171,117.054,118.0446,335609.0
2022-09-07,118.0446,118.774,117.0429,117.7707,281429.0
2022-09-08,117.7707,120.9873,113.9704,117.1707,360491.0
2022-09-09,117.1707,120.7845,116.776,120.379,405822.0
2022-09-12,120.379,120.5167,118.7569,118.893,431587.0
2022-09-13,118.893,121.3684,114.8481,117.2902,360219.0
2022-09-14,117.2902,118.2915,115.9023,116.9003,534611.0
2022-09-15,116.9003,121.1891,110.6537,114.868,584056.0
2022-09-16,114.868,115.8296,112.8115,113.7638,394175.0
2022-09-19,113.7638,114.9175,110.2534,111.3829,411351.0
2022-09-20,111.3829,113.1284,107.4749,109.186,488434.0
2022-09-21,109.186,112.5443,106.6936,110.0326,422720.0
2022-09-22,110.0326,111.2864,107.4395,108.678,714441.0
2022-09-23,108.678,111.3269,105.4827,108.118,517760.0
2022-09-26,108.118,115.0064,105.4211,112.2075,588899.0
2022-09-27,112.2075,113.0726,111.1443,112.0079,367423.0
2022-09-28,112.0079,113.4849,110.6664,112.1418,335728.0
2022-09-29,112.1418,115.0607,107.7988,110.6797,190381.0
2022-09-30,110.6797,111.9854,110.566,111.8706,930557.0
2022-10-03,111.8706,113.6656,110.1413,111.9353,305066.0
2022-10-04,111.9353,113.7573,108.6471,110.4448,561656.0
2022-10-05,110.4448,112.3926,108.0723,110.0124,614126.0
2022-10-06,110.0124,114.9334,108.0439,112.913,205275.0
2022-10-07,112.913,113.7462,110.3588,111.1792,243640.0
2022-10-10,111.1792,113.5762,108.2454,110.6306,708323.0
2022-10-11,110.6306,112.0182,109.973,111.3563,403012.0
2022-10-12,111.3563,112.311,107.266,108.1936,218538.0
2022-10-13,108.1936,113.0868,107.7866,112.663,418566.0
2022-10-14,112.663,114.8046,112.4205,114.558,366602.0
2022-10-17,114.558,115.7619,114.5188,115.7224,233161.0
2022-10-18,115.7224,120.5814,113.7234,118.5338,756292.0
2022-10-19,118.5338,122.7637,116.4569,120.6497,457960.0
2022-10-20,120.6497,122.3079,115.8566,117.4711,477204.0
2022-10-21,117.4711,118.6654,114.2644,115.4379,314389.0
2022-10-24,115.4379,115.7728,114.5705,114.9038,455218.0
2022-10-25,114.9038,115.659,112.8047,113.551,787781.0
2022-10-26,113.551,115.4627,111.8594,113.7679,362196.0
2022-10-27,113.7679,116.3585,110.5413,113.1171,472223.0
2022-10-28,113.1171,115.6376,113.0191,115.5375,517541.0
2022-10-31,115.5375,116.3014,114.3189,115.0797,518897.0
2022-11-01,115.0797,116.7414,111.1305,112.7586,334709.0
2022-11-02,112.7586,114.8588,108.4503,110.5086,575384.0
2022-11-03,110.5086,111.13,109.6445,110.2646,1175637.0
2022-11-04,110.2646,110.9968,107.1314,107.8475,396959.0
2022-11-07,107.8475,112.0241,100.0658,104.0971,277862.0
2022-11-08,104.0971,105.3471,100.7345,101.9588,562402.0
2022-11-09,101.9588,102.7174,101.9262,102.6846,661712.0
2022-11-10,102.6846,103.0318,99.916,100.255,244840.0
2022-11-11,100.255,101.6505,97.1907,98.5626,1468356.0
2022-11-14,98.5626,100.3443,94.5789,96.3201,648372.0
2022-11-15,96.3201,98.0413,94.5099,96.2295,1751793.0
